{"params": ["0.0001-32", "0.0001-64", "0.0001-128", "0.001-32", "0.001-64", "0.001-128", "0.01-32", "0.01-64", "0.01-128"], "training_acc": [[0.8225111111111111, 0.9314666666666667, 0.9535333333333333, 0.9633555555555555, 0.9703333333333334, 0.9751777777777778, 0.9772, 0.9826666666666667, 0.9824222222222222, 0.9856222222222222], [0.7912666666666667, 0.9180222222222222, 0.9418444444444445, 0.9533111111111111, 0.9635555555555556, 0.9677777777777777, 0.9727111111111111, 0.9763333333333334, 0.9781555555555556, 0.9793555555555555], [0.7572888888888889, 0.8979555555767483, 0.9235555555237664, 0.937488888920678, 0.9490222221798367, 0.9559555555237664, 0.960177777756585, 0.9648888888570998, 0.9699333333227369, 0.971644444433848], [0.8661333333333333, 0.9507333333333333, 0.9613555555555555, 0.9676222222222223, 0.9711555555555555, 0.9726888888888889, 0.9745777777777778, 0.9765555555555555, 0.9797777777777777, 0.9794222222222222], [0.8735777777777778, 0.9498, 0.9607555555555556, 0.9675333333333334, 0.9709333333333333, 0.9719333333333333, 0.9747555555555556, 0.9775777777777778, 0.9786222222222222, 0.9789555555555556], [0.84475555551317, 0.9402888888570997, 0.9576888888782925, 0.966133333322737, 0.9709999999894037, 0.9745555555449592, 0.9763111111005147, 0.9768888888888889, 0.9791333333015442, 0.9817555555343628], [0.14537777777777777, 0.15255555555555556, 0.17073333333333332, 0.1516, 0.1168, 0.12968888888888888, 0.10895555555555556, 0.10313333333333333, 0.10333333333333333, 0.10315555555555556], [0.12208888888888889, 0.1135111111111111, 0.11331111111111111, 0.12844444444444444, 0.12973333333333334, 0.13002222222222223, 0.10282222222222222, 0.10362222222222223, 0.10606666666666667, 0.11802222222222222], [0.12182222222354677, 0.12657777777247958, 0.12231111111243566, 0.10148888888888889, 0.1012, 0.1008000000052982, 0.10080000000132455, 0.10115555556085375, 0.1086222222328186, 0.10646666666799122]], "val_acc": [[0.9528, 0.9706666666348776, 0.9735999999682109, 0.9774666666666667, 0.9802, 0.9824666666666667, 0.9831333333333333, 0.9841333333333333, 0.9837333333333333, 0.9834], [0.9468666666348775, 0.9641333333015442, 0.9729333333015442, 0.9746666666348776, 0.9795333333333334, 0.9804666666666667, 0.9808666666348775, 0.9810666666666666, 0.9837333333333333, 0.9834666666666667], [0.9286, 0.9524666666348776, 0.9611333333015442, 0.9664666666666667, 0.9719333333333333, 0.9754, 0.9773333333333334, 0.978, 0.9792666666666666, 0.9805333333333334], [0.9719999999682108, 0.9753333333333334, 0.9794666666666667, 0.9792666666666666, 0.9794666666666667, 0.9792, 0.982, 0.9792, 0.9808, 0.98], [0.9691333333015442, 0.9740666666666666, 0.9775999999682109, 0.9779333333333333, 0.9814, 0.9805333333333334, 0.9817333333333333, 0.9817333333333333, 0.9811333333015442, 0.9816], [0.9632666666666667, 0.9744, 0.9785333333333334, 0.9795333333333334, 0.9815333333333334, 0.9812666666348775, 0.9815333333333334, 0.9822, 0.9834666666666667, 0.9852], [0.10146666666865349, 0.17933333332538604, 0.2012000000079473, 0.1088666666686535, 0.1088666666686535, 0.10973333334128062, 0.10900000000794728, 0.10900000000794728, 0.10900000000794728, 0.10900000000794728], [0.10999999998410542, 0.10993333331743876, 0.10993333331743876, 0.10999999998410542, 0.11373333332538604, 0.0996666666686535, 0.0996666666686535, 0.0996666666686535, 0.0996666666686535, 0.10993333331743876], [0.16206666667064032, 0.10133333333333333, 0.0986, 0.0986, 0.09866666666666667, 0.0986, 0.0986, 0.0986, 0.13306666667064032, 0.09306666666666667]], "training_loss": [[0.6864555381562975, 0.2304778088092804, 0.15607220395174293, 0.12062061259738273, 0.09463429517592821, 0.0790243938429902, 0.07081807119167513, 0.055445890251929975, 0.05416334931386842, 0.046999149878003584], [0.8713351805342568, 0.27981468876467813, 0.19661050166487692, 0.15204339949886003, 0.11928460490968493, 0.10113747819430298, 0.08795406041906939, 0.07681367119294073, 0.06779295515696156, 0.06438594315498032], [1.0725719039493138, 0.34835301109949746, 0.2559401410208808, 0.20829302984873455, 0.1698948334508472, 0.1443970765484704, 0.12578719789452023, 0.11410397884845734, 0.0994700647811095, 0.09157537285354403], [0.7718850506070587, 0.16749515650818744, 0.13036044769560298, 0.10973271076316014, 0.09739161022713153, 0.09170639226370905, 0.08541100810519937, 0.0769799243386214, 0.06933873907684336, 0.06894597929745991], [0.49163922991487713, 0.16764359003576682, 0.13180452144808238, 0.10864745630171771, 0.0943760301142931, 0.08776691823382345, 0.0811596872003542, 0.07165180768022934, 0.06819491912741732, 0.06591389145213697], [0.5918795244455337, 0.2011736105442047, 0.14241244777176115, 0.11087393695910772, 0.09276032395561536, 0.08410385363035731, 0.07553582697179582, 0.0707224507411321, 0.0660479361070527, 0.05768622787263658], [13.767987518310546, 13.65885541619195, 13.36619946000841, 13.674249587843153, 14.235501745605468, 14.02755912407769, 14.361939665730795, 14.455782319471572, 14.452558707004123, 14.455424142116971], [14.138659392801921, 14.288283428615994, 14.291735975477431, 14.047422435336642, 14.027042556423611, 14.022250857204861, 14.4607968588935, 14.447902362908257, 14.408502593485514, 14.215740668741862], [14.141459711710612, 14.07746969909668, 14.146543365139431, 14.482292492845323, 14.486673433600531, 14.493440329996744, 14.493394425794813, 14.487663528781466, 14.367187741427951, 14.401995719740126]], "val_loss": [[0.16211618076860904, 0.10539608847896258, 0.09191193792087336, 0.07634651254123698, 0.06867437784379969, 0.06390880694193765, 0.06183243284631365, 0.06344290720265126, 0.057908890305498305, 0.06092845853604764], [0.1893139200846354, 0.12264033370018006, 0.09849925359884898, 0.08807652253508567, 0.0730829536964496, 0.0695404952014486, 0.06880077485044797, 0.06684004250268141, 0.062463965154625475, 0.05992792483487477], [0.2397889840920766, 0.1652593114932378, 0.13390599897702535, 0.11651033524870873, 0.09903328140775362, 0.09081351291934649, 0.08065790151556333, 0.07921170117954413, 0.07406267201552788, 0.07318466030110915], [0.09613633592426776, 0.08512450958689054, 0.08062203376825589, 0.08169117377858298, 0.07897657173660894, 0.08722743376077269, 0.07408639480116933, 0.08938133660354651, 0.0939660709757935, 0.09919543602383783], [0.10535929166475932, 0.08586628647496303, 0.08035617285817861, 0.07851782329976559, 0.06854963184756538, 0.0707260130042831, 0.07318267075438052, 0.07622108820037296, 0.07977988377222792, 0.08129697968899273], [0.12195788626670838, 0.08868281496961912, 0.07455496844947337, 0.07069511743932963, 0.07018727317353089, 0.07181471914847692, 0.0702481777758648, 0.06683533247609934, 0.06201568482114623, 0.06409479877005021], [14.482645832824707, 13.227037971496582, 12.87513469289144, 14.363373262023925, 14.363373262023925, 14.3494029200236, 14.361222848002116, 14.361222848002116, 14.361222848002116, 14.361222848002116], [14.345104777018229, 14.346179313151042, 14.346179313151042, 14.345104772949218, 14.284930549621581, 14.511658397928874, 14.511658397928874, 14.511658397928874, 14.511658397928874, 14.346179313151042], [13.501398930358887, 14.484798095703125, 14.528854280598958, 14.528854280598958, 14.527779736328124, 14.528854280598958, 14.528854280598958, 14.528854280598958, 13.973317021179199, 14.618041092936197]]}